id,first_name,last_name,email,dob
1,Austine,Lygo,alygo0@ycombinator.com,1990-08-02
2,Brigida,Paffitt,bpaffitt1@statcounter.com,1975-03-14
3,Sinclare,Cartlidge,scartlidge2@addtoany.com,1983-02-28
4,Josee,Bompas,jbompas3@ustream.tv,1986-10-26
5,Nelia,Perrottet,nperrottet4@nature.com,1991-04-02
6,Jameson,Hammerberger,jhammerberger5@cyberchimps.com,1992-12-22
7,Amitie,Jenyns,ajenyns6@dagondesign.com,1983-05-24
8,Michele,Isard,misard7@wix.com,1981-03-19
9,Isabella,Adlington,iadlington8@mtv.com,1990-07-14
10,Esta,Roft,eroft9@amazon.co.uk,1984-08-05
11,Seka,Leyfield,sleyfielda@jimdo.com,1987-05-02
12,Clayton,Danilovic,cdanilovicb@deliciousdays.com,1989-12-06
13,Rici,Ransbury,rransburyc@wikimedia.org,1984-12-28
14,Caritta,Teggin,cteggind@nps.gov,1990-12-29
15,Ogdon,Throughton,othroughtone@berkeley.edu,1982-10-04
16,Martie,Maddison,mmaddisonf@youtu.be,1984-06-09
17,Bat,Kneel,bkneelg@hubpages.com,1986-11-05
18,Killian,Agate,kagateh@sakura.ne.jp,1990-02-23
19,Chiquia,Middler,cmiddleri@ihg.com,1977-10-08
20,Salomi,Nys,snysj@tripod.com,1980-10-01
21,Agneta,Rolinson,arolinsonk@howstuffworks.com,1986-08-17
22,Cobbie,Belham,cbelhaml@about.com,1985-09-22
23,Valry,Loxly,vloxlym@a8.net,1976-05-18
24,Annabela,Charteris,acharterisn@prlog.org,1977-07-09
25,Chadwick,Churchlow,cchurchlowo@vkontakte.ru,1981-03-19
26,Lulita,Oade,loadep@marriott.com,1983-07-03
27,Norry,Puden,npudenq@theatlantic.com,1974-07-05
28,Jilly,Stevens,jstevensr@ning.com,1985-10-16
29,Eliot,Prendeville,eprendevilles@gmpg.org,1985-07-29
30,Christye,Troman,ctromant@webeden.co.uk,1968-12-30
31,Maryann,Stiegers,mstiegersu@digg.com,1986-01-03
32,Griffin,Murrie,gmurriev@t.co,1978-12-30
33,Tabina,Brettelle,tbrettellew@google.de,1994-05-01
34,Amery,Dymott,adymottx@flavors.me,1972-12-25
35,Rutter,Snarr,rsnarry@lycos.com,1983-03-20
36,Doyle,Dewdeny,ddewdenyz@mayoclinic.com,1978-01-22
37,Carolyn,M'Barron,cmbarron10@seattletimes.com,1981-11-17
38,Erie,Tremellan,etremellan11@sfgate.com,1984-11-11
39,Drona,Deeman,ddeeman12@unc.edu,1986-04-21
40,Davida,Scotsbrook,dscotsbrook13@fda.gov,1985-12-12
41,Cathee,Normant,cnormant14@alexa.com,1990-09-28
42,Carrissa,Searl,csearl15@about.com,1978-12-07
43,Selestina,Skakunas,sskakunas16@alexa.com,1985-08-25
44,Ramona,Veivers,rveivers17@goo.ne.jp,1977-04-09
45,Tomi,Collicott,tcollicott18@plala.or.jp,1981-06-23
46,Skell,Reily,sreily19@last.fm,1981-08-09
47,Jermaine,Cordelet,jcordelet1a@xing.com,1990-02-27
48,Lenci,Schuh,lschuh1b@archive.org,1987-11-09
49,Ola,Fullman,ofullman1c@gov.uk,1989-04-05
50,Caroline,Ferrie,cferrie1d@engadget.com,1977-12-28
51,Star,Merrill,smerrill1e@gmpg.org,1984-06-23
52,Bink,Pacheco,bpacheco1f@issuu.com,1977-07-22
53,Lettie,Whittenbury,lwhittenbury1g@behance.net,1977-05-07
54,Guntar,Raiker,graiker1h@smugmug.com,1983-05-29
55,Torrie,Bubb,tbubb1i@vistaprint.com,1978-10-07
56,Huntlee,Carlucci,hcarlucci1j@goodreads.com,1965-09-08
57,Rossy,Dahle,rdahle1k@alexa.com,1985-06-29
58,Read,Siggery,rsiggery1l@mac.com,1980-12-02
59,Micheline,Smart,msmart1m@unesco.org,1980-04-20
60,Imogene,Agge,iagge1n@nationalgeographic.com,1976-09-28
61,Oliver,Cabbell,ocabbell1o@bing.com,1972-05-28
62,Nollie,McQuilty,nmcquilty1p@sitemeter.com,1977-07-12
63,Dina,de Castelain,ddecastelain1q@symantec.com,1985-09-20
64,Cookie,Tallquist,ctallquist1r@parallels.com,1990-07-31
65,Stephanus,Kepp,skepp1s@myspace.com,1985-09-30
66,Darby,Glennard,dglennard1t@nasa.gov,1977-06-01
67,Kellyann,McInnerny,kmcinnerny1u@psu.edu,1983-01-09
68,Alic,Paireman,apaireman1v@wsj.com,1982-04-16
69,Seline,Cardiff,scardiff1w@washingtonpost.com,1968-02-04
70,Lola,Tonner,ltonner1x@jalbum.net,1985-12-10
71,Tyrone,Ashbe,tashbe1y@opera.com,1975-04-14
72,Armand,Torr,atorr1z@cbsnews.com,1980-08-08
73,Madella,Witcomb,mwitcomb20@sciencedirect.com,1979-06-28
74,Martita,Barneville,mbarneville21@wordpress.org,1989-12-10
75,Gisella,Lademann,glademann22@smh.com.au,1983-04-11
76,Joete,Organer,jorganer23@biglobe.ne.jp,1973-07-17
77,Gratiana,Atcheson,gatcheson24@army.mil,1981-08-30
78,Ted,Teas,tteas25@google.nl,1994-03-09
79,Lavinia,Huck,lhuck26@mapy.cz,1993-09-24
80,Neale,Hanson,nhanson27@squarespace.com,1987-03-15
81,Kendall,Beaton,kbeaton28@imageshack.us,1973-03-07
82,Chiquita,Seiffert,cseiffert29@guardian.co.uk,1981-09-26
83,Delinda,Spincks,dspincks2a@1688.com,1986-10-26
84,Dolph,Huxster,dhuxster2b@prlog.org,1980-10-01
85,Doretta,Lissemore,dlissemore2c@earthlink.net,1985-03-20
86,Ophelia,Philippson,ophilippson2d@cbslocal.com,1974-11-18
87,Babb,Ciric,bciric2e@baidu.com,1985-11-18
88,Margarete,Beecheno,mbeecheno2f@devhub.com,1986-01-28
89,Adina,Easby,aeasby2g@wunderground.com,1972-07-24
90,Ikey,Pirouet,ipirouet2h@ca.gov,1989-07-20
91,Sibley,Olechnowicz,solechnowicz2i@thetimes.co.uk,1973-02-07
92,Alyss,Umpleby,aumpleby2j@biglobe.ne.jp,1973-07-11
93,Arlinda,Beckenham,abeckenham2k@cnbc.com,1981-10-06
94,Basia,Moses,bmoses2l@naver.com,1982-04-20
95,Jo ann,Gerring,jgerring2m@booking.com,1967-10-09
96,Brendis,Augur,baugur2n@zimbio.com,1971-08-25
97,Monte,Keighley,mkeighley2o@google.co.jp,1972-12-28
98,Glynis,Skerman,gskerman2p@sogou.com,1984-08-18
99,Rhoda,Delap,rdelap2q@goo.gl,1979-10-05
100,Phip,De Bruyn,pdebruyn2r@cpanel.net,1986-12-22
101,Nessie,Cruce,ncruce2s@unicef.org,1983-07-16
102,Deanne,Haddeston,dhaddeston2t@topsy.com,1975-03-23
103,Jenda,Prigmore,jprigmore2u@pen.io,1981-10-29
104,Tasha,Clears,tclears2v@sphinn.com,1986-07-03
105,Portia,Gonzalvo,pgonzalvo2w@admin.ch,1991-11-06
106,Queenie,Burgwyn,qburgwyn2x@jalbum.net,1980-06-26
107,Diann,Gladdish,dgladdish2y@washington.edu,1983-01-31
108,Britney,Blunden,bblunden2z@theguardian.com,1983-03-20
109,Fidelio,Mahood,fmahood30@baidu.com,1979-01-17
110,Erhard,Wallen,ewallen31@marketwatch.com,1984-06-05
111,Caddric,Tunney,ctunney32@ted.com,1968-01-23
112,Teddi,Snadden,tsnadden33@loc.gov,1985-09-21
113,Lynnelle,Spacey,lspacey34@instagram.com,1984-08-28
114,Neville,Mobley,nmobley35@auda.org.au,1986-06-18
115,Angelita,Rule,arule36@plala.or.jp,1986-12-27
116,Melisandra,Yanukhin,myanukhin37@soup.io,1976-06-05
117,Tessie,Dyett,tdyett38@miibeian.gov.cn,1984-11-09
118,Lorry,Gaggen,lgaggen39@ocn.ne.jp,1974-02-02
119,Edgard,Crawshaw,ecrawshaw3a@google.com.br,1980-08-24
120,Lucio,Mayhou,lmayhou3b@sfgate.com,1980-07-30
121,Elwira,McGinly,emcginly3c@ucoz.com,1989-11-23
122,Doyle,Setchfield,dsetchfield3d@constantcontact.com,1974-08-17
123,Darrin,Joselin,djoselin3e@dmoz.org,1970-06-16
124,Willow,Chominski,wchominski3f@usatoday.com,1986-02-09
125,Chicky,Lamdin,clamdin3g@home.pl,1978-09-15
126,Babita,Rainy,brainy3h@icio.us,1966-04-11
127,Kelci,Strainge,kstrainge3i@abc.net.au,1988-01-08
128,Wiley,Gosling,wgosling3j@pagesperso-orange.fr,1978-04-23
129,Keelia,Dounbare,kdounbare3k@blogtalkradio.com,1980-07-11
130,Kimberli,Espinho,kespinho3l@telegraph.co.uk,1987-02-09
131,Cindi,Gumery,cgumery3m@shinystat.com,1981-06-18
132,Lawrence,Bradford,lbradford3n@usa.gov,1982-02-03
133,Rodge,Flecknoe,rflecknoe3o@mit.edu,1987-04-09
134,Nanine,Jennens,njennens3p@washington.edu,1978-03-04
135,Liesa,Banaszewski,lbanaszewski3q@samsung.com,1989-06-22
136,Andre,Ruscoe,aruscoe3r@dion.ne.jp,1973-11-09
137,Esdras,Brundle,ebrundle3s@fastcompany.com,1994-03-28
138,Millard,McVicar,mmcvicar3t@imgur.com,1979-04-14
139,Chryste,MacSorley,cmacsorley3u@ucoz.ru,1979-07-02
140,Milli,Raynard,mraynard3v@tmall.com,1984-12-10
141,Xylia,Westfield,xwestfield3w@godaddy.com,1990-12-04
142,Thornie,Brobak,tbrobak3x@trellian.com,1981-07-27
143,Broddy,Van,bvan3y@answers.com,1981-06-26
144,Teirtza,covino,tcovino3z@economist.com,1979-11-29
145,Glynn,Elan,gelan40@bbc.co.uk,1979-01-05
146,Farlie,Handover,fhandover41@toplist.cz,1976-01-03
147,Latisha,Laverick,llaverick42@stanford.edu,1987-07-26
148,Sibel,Tuley,stuley43@woothemes.com,1981-06-08
149,Julee,Gabb,jgabb44@cbc.ca,1977-04-17
150,Lilyan,Buckthorp,lbuckthorp45@soup.io,1978-08-30
151,Ase,Oiseau,aoiseau46@hp.com,1986-11-04
152,Filberte,Measham,fmeasham47@bizjournals.com,1978-04-05
153,Reggy,Edmondson,redmondson48@domainmarket.com,1981-05-06
154,Georgette,Potteril,gpotteril49@illinois.edu,1986-04-08
155,Lon,McCaughen,lmccaughen4a@pinterest.com,1978-01-06
156,Judie,Ibotson,jibotson4b@biglobe.ne.jp,1970-02-07
157,Anatola,Akeherst,aakeherst4c@theatlantic.com,1981-12-07
158,Tudor,Sorbey,tsorbey4d@baidu.com,1980-10-17
159,Elie,Semble,esemble4e@buzzfeed.com,1973-03-05
160,Cassandra,Baggett,cbaggett4f@hatena.ne.jp,1982-12-31
161,Xenos,Crampin,xcrampin4g@aboutads.info,1980-01-31
162,Coretta,Mardall,cmardall4h@usa.gov,1988-02-22
163,Nikolai,Nulty,nnulty4i@vkontakte.ru,1989-02-08
164,Lester,Schnieder,lschnieder4j@reddit.com,1982-02-05
165,Victoria,Death,vdeath4k@sciencedirect.com,1990-11-28
166,Sigmund,Kirkness,skirkness4l@mashable.com,1975-05-07
167,Lulu,Le feaver,llefeaver4m@fastcompany.com,1971-12-20
168,Drew,Klaggeman,dklaggeman4n@over-blog.com,1982-12-22
169,Dion,Ramshay,dramshay4o@tuttocitta.it,1980-06-30
170,Mano,McGuinness,mmcguinness4p@sphinn.com,1974-10-14
171,Edy,Colegrove,ecolegrove4q@google.pl,1987-02-23
172,Ki,Haruard,kharuard4r@jigsy.com,1989-04-22
173,Allison,Arthy,aarthy4s@intel.com,1986-10-23
174,Rana,Follett,rfollett4t@dedecms.com,1983-09-13
175,Ealasaid,Geratt,egeratt4u@merriam-webster.com,1973-10-30
176,Steffen,Houlston,shoulston4v@last.fm,1989-11-28
177,Anton,Pearne,apearne4w@wikia.com,1978-04-15
178,Clemence,Harrhy,charrhy4x@cnn.com,1984-12-22
179,Si,Carp,scarp4y@ask.com,1974-04-04
180,Archie,Gannon,agannon4z@theglobeandmail.com,1979-10-19
181,Carmelle,Fardy,cfardy50@uol.com.br,1985-06-10
182,Joy,Scarf,jscarf51@auda.org.au,1979-11-30
183,Kirstyn,Barwis,kbarwis52@wired.com,1975-03-11
184,Ripley,Piatkow,rpiatkow53@netscape.com,1979-10-24
185,Thacher,Yegorovnin,tyegorovnin54@examiner.com,1988-07-18
186,Alexandrina,Jobbings,ajobbings55@ask.com,1994-12-01
187,Allis,Scotson,ascotson56@linkedin.com,1967-06-05
188,Stephenie,Taffs,staffs57@hugedomains.com,1988-11-30
189,Ashbey,Baffin,abaffin58@bbc.co.uk,1981-11-10
190,Blisse,MacAughtrie,bmacaughtrie59@51.la,1979-02-11
191,Radcliffe,Blakeden,rblakeden5a@phpbb.com,1987-02-28
192,Catrina,Mursell,cmursell5b@icio.us,1979-05-06
193,Alvie,Swayne,aswayne5c@hhs.gov,1979-03-10
194,Janean,Mallinar,jmallinar5d@diigo.com,1989-01-30
195,Lemmy,Nitti,lnitti5e@purevolume.com,1984-06-19
196,Nydia,Wall,nwall5f@dmoz.org,1982-05-14
197,Lacy,Gimblett,lgimblett5g@abc.net.au,1973-05-22
198,Wenonah,Halfacre,whalfacre5h@ibm.com,1980-07-22
199,Luciano,Minette,lminette5i@flavors.me,1974-08-30
200,Stefan,Ritchings,sritchings5j@samsung.com,1994-04-16
201,Tobye,Dikle,tdikle5k@statcounter.com,1976-09-07
202,Fernande,Huskinson,fhuskinson5l@fema.gov,1976-08-30
203,Hakeem,Idill,hidill5m@shinystat.com,1988-08-20
204,Karalynn,Cornau,kcornau5n@prweb.com,1988-08-20
205,Codie,Garrals,cgarrals5o@infoseek.co.jp,1987-01-07
206,Henderson,Shovlin,hshovlin5p@shutterfly.com,1985-03-09
207,Tami,Hanmer,thanmer5q@nydailynews.com,1983-02-18
208,Herrick,Hazeldene,hhazeldene5r@dmoz.org,1981-08-17
209,Corrianne,Mauvin,cmauvin5s@gnu.org,1972-02-16
210,Tripp,Giacomelli,tgiacomelli5t@blogs.com,1980-04-17
211,Corie,Gheeraert,cgheeraert5u@cnbc.com,1984-02-28
212,Darrelle,Crewdson,dcrewdson5v@topsy.com,1988-05-25
213,Danya,Kinvig,dkinvig5w@homestead.com,1977-02-21
214,Douglass,Outibridge,doutibridge5x@linkedin.com,1993-09-29
215,Gabbi,Snelgrove,gsnelgrove5y@mapquest.com,1981-06-19
216,Parsifal,Pidon,ppidon5z@geocities.jp,1986-04-16
217,Ximenes,Shales,xshales60@clickbank.net,1984-05-28
218,Randie,Showte,rshowte61@abc.net.au,1983-03-31
219,Derwin,Mumberson,dmumberson62@blogs.com,1986-12-25
220,Glynda,Kinchin,gkinchin63@alexa.com,1972-06-07
221,Ally,Krzyzaniak,akrzyzaniak64@trellian.com,1979-02-21
222,Melba,Noton,mnoton65@hc360.com,1985-10-18
223,Kamila,Cowmeadow,kcowmeadow66@yandex.ru,1979-01-19
224,Melosa,Lennon,mlennon67@edublogs.org,1978-09-18
225,Alfy,Hunsworth,ahunsworth68@reddit.com,1990-01-22
226,Barry,Calf,bcalf69@tiny.cc,1976-11-22
227,Corette,Thing,cthing6a@exblog.jp,1988-11-29
228,Lindon,Rowlinson,lrowlinson6b@tinyurl.com,1983-03-03
229,Ari,Meran,ameran6c@accuweather.com,1978-08-30
230,Brinn,Schwanden,bschwanden6d@umn.edu,1975-03-31
231,Marjory,Leamon,mleamon6e@go.com,1985-05-11
232,Brinn,Stempe,bstempe6f@purevolume.com,1977-12-11
233,Joshua,Glassard,jglassard6g@bizjournals.com,1991-07-29
234,Flin,Merriman,fmerriman6h@mapquest.com,1979-02-05
235,Bordy,Ilyukhov,bilyukhov6i@cornell.edu,1978-08-05
236,Delilah,Dilleston,ddilleston6j@macromedia.com,1989-02-14
237,Hilarius,Willett,hwillett6k@myspace.com,1986-03-14
238,Amara,Widdocks,awiddocks6l@china.com.cn,1985-01-14
239,Rina,Abrahami,rabrahami6m@cdbaby.com,1994-06-05
240,Jessie,Densell,jdensell6n@latimes.com,1994-12-02
241,Rickert,Tripcony,rtripcony6o@stumbleupon.com,1983-09-24
242,Martino,Haug,mhaug6p@wp.com,1983-03-09
243,Carine,Krysztowczyk,ckrysztowczyk6q@infoseek.co.jp,1990-02-04
244,Anatollo,Kunc,akunc6r@macromedia.com,1982-08-26
245,Findley,Bloxham,fbloxham6s@nydailynews.com,1980-05-01
246,Rena,Oxenford,roxenford6t@independent.co.uk,1989-01-26
247,See,Doggrell,sdoggrell6u@flickr.com,1981-05-21
248,Dannel,Amy,damy6v@mozilla.org,1988-07-10
249,Belle,Benini,bbenini6w@sfgate.com,1992-01-14
250,Sophey,Crose,scrose6x@t-online.de,1980-02-14
251,Lonnie,Davie,ldavie6y@ow.ly,1988-10-17
252,Charo,Gabbat,cgabbat6z@symantec.com,1982-02-24
253,Ariadne,Roston,aroston70@e-recht24.de,1977-05-14
254,Alexei,Potbury,apotbury71@biglobe.ne.jp,1986-03-03
255,Nanette,Hallwood,nhallwood72@ed.gov,1969-04-04
256,Randi,Barwood,rbarwood73@sciencedirect.com,1986-07-14
257,Mollee,Rennenbach,mrennenbach74@admin.ch,1983-01-04
258,Sherrie,Toderbrugge,stoderbrugge75@princeton.edu,1977-03-15
259,Desirae,Kop,dkop76@unblog.fr,1986-07-27
260,Caldwell,Bannell,cbannell77@cbslocal.com,1972-02-16
261,Alexandr,Laxston,alaxston78@blogs.com,1984-09-20
262,Devonna,Batchelour,dbatchelour79@gov.uk,1977-02-22
263,Carlen,McGruar,cmcgruar7a@phpbb.com,1978-11-19
264,Ira,Shugg,ishugg7b@wikipedia.org,1984-06-22
265,Stanford,Kennon,skennon7c@github.com,1984-11-16
266,Cal,Kingaby,ckingaby7d@berkeley.edu,1984-04-21
267,Jemimah,McKeon,jmckeon7e@delicious.com,1983-01-01
268,Jeffie,Damper,jdamper7f@tumblr.com,1988-06-04
269,Jozef,Cobbin,jcobbin7g@hhs.gov,1974-06-02
270,Rosalinde,Glazer,rglazer7h@cornell.edu,1980-03-12
271,Garry,Keenlayside,gkeenlayside7i@cbsnews.com,1985-01-04
272,Teddi,D'Avaux,tdavaux7j@csmonitor.com,1975-02-18
273,Raffaello,Pittet,rpittet7k@lulu.com,1995-12-26
274,Eirena,Flott,eflott7l@sina.com.cn,1982-08-28
275,Lynett,Davidoff,ldavidoff7m@ed.gov,1984-12-28
276,Red,Stobbs,rstobbs7n@google.ca,1982-06-19
277,Chaddy,Drawmer,cdrawmer7o@indiatimes.com,1980-06-03
278,Miller,Aaron,maaron7p@hibu.com,1985-10-24
279,Hank,Ailward,hailward7q@cbslocal.com,1977-11-17
280,Rolando,Claypole,rclaypole7r@about.com,1989-07-01
281,Mikaela,Abramchik,mabramchik7s@cornell.edu,1975-06-20
282,Ddene,Arboine,darboine7t@merriam-webster.com,1969-02-19
283,Ignazio,Harby,iharby7u@free.fr,1988-01-08
284,Alejandro,Woonton,awoonton7v@amazonaws.com,1982-09-17
285,Claretta,Goodnow,cgoodnow7w@nyu.edu,1967-11-11
286,Sollie,Newe,snewe7x@nymag.com,1987-06-19
287,Cullie,Ephson,cephson7y@sun.com,1986-02-05
288,Tore,Urvoy,turvoy7z@mapy.cz,1982-03-26
289,Karoline,Giannasi,kgiannasi80@yelp.com,1980-08-10
290,Biddy,McAster,bmcaster81@ycombinator.com,1980-10-11
291,Irvine,Ketchen,iketchen82@artisteer.com,1981-05-17
292,Ferdy,McAndie,fmcandie83@globo.com,1980-10-28
293,Briggs,Ragbourne,bragbourne84@parallels.com,1980-01-22
294,Aurora,Wilder,awilder85@plala.or.jp,1974-03-03
295,Cherie,Crowley,ccrowley86@cnbc.com,1974-12-25
296,Lonee,Scawen,lscawen87@squarespace.com,1980-06-12
297,Demott,De Paoli,ddepaoli88@ycombinator.com,1992-01-10
298,Kinny,Clace,kclace89@bloomberg.com,1972-09-17
299,Filbert,Mallebone,fmallebone8a@wp.com,1975-08-02
300,Kandy,Spreull,kspreull8b@eepurl.com,1978-03-30
301,Catharine,Maycock,cmaycock8c@issuu.com,1982-08-19
302,Corine,Stadding,cstadding8d@cpanel.net,1982-04-09
303,Elfie,Pulman,epulman8e@google.ru,1983-07-14
304,Beaufort,Skunes,bskunes8f@moonfruit.com,1977-03-17
305,Ronica,Mews,rmews8g@gov.uk,1986-03-04
306,Ruben,Adamou,radamou8h@goo.ne.jp,1984-11-17
307,Delmar,Dalliwatr,ddalliwatr8i@irs.gov,1982-06-22
308,Celeste,Ganing,cganing8j@so-net.ne.jp,1991-04-17
309,Dorothee,Brugden,dbrugden8k@twitpic.com,1976-10-30
310,Nance,Benedetti,nbenedetti8l@example.com,1976-02-19
311,Flory,Guslon,fguslon8m@51.la,1981-11-08
312,Frasco,Loyd,floyd8n@disqus.com,1984-05-18
313,Carmina,Cowlin,ccowlin8o@gnu.org,1989-07-08
314,Brandise,Pethybridge,bpethybridge8p@mediafire.com,1973-09-29
315,Reeta,Pollington,rpollington8q@zimbio.com,1987-07-20
316,Roseann,Toffalo,rtoffalo8r@deliciousdays.com,1985-12-04
317,Sandro,Kitt,skitt8s@census.gov,1969-09-28
318,Koral,Del Dello,kdeldello8t@answers.com,1977-07-25
319,Sada,Colquhoun,scolquhoun8u@msu.edu,1993-11-19
320,Erminia,Feasby,efeasby8v@statcounter.com,1975-05-07
321,Sean,Eadmead,seadmead8w@cnet.com,1980-08-12
322,Nannette,Auchinleck,nauchinleck8x@seattletimes.com,1972-06-28
323,Olivier,Bockh,obockh8y@globo.com,1980-10-30
324,Mickie,Sinderland,msinderland8z@usa.gov,1976-12-22
325,Sonny,Clementi,sclementi90@myspace.com,1986-11-28
326,Daisey,Busch,dbusch91@t.co,1995-07-23
327,Basil,Stuffins,bstuffins92@wordpress.com,1985-08-20
328,Keelia,Loker,kloker93@smugmug.com,1985-11-27
329,Dillon,Delue,ddelue94@tmall.com,1978-07-19
330,Lilian,Wissbey,lwissbey95@diigo.com,1978-10-21
331,Kordula,Kuhnhardt,kkuhnhardt96@google.cn,1977-05-08
332,Brigida,Cowterd,bcowterd97@themeforest.net,1983-12-14
333,Liva,Marvel,lmarvel98@blogs.com,1981-07-15
334,Kordula,Kenion,kkenion99@blinklist.com,1995-06-27
335,Haven,Ingarfill,hingarfill9a@netvibes.com,1978-03-24
336,Curr,Wand,cwand9b@army.mil,1984-01-01
337,Lisa,Gartell,lgartell9c@google.es,1990-03-07
338,Hy,Kinnaird,hkinnaird9d@wikimedia.org,1984-01-03
339,Giraldo,Clousley,gclousley9e@wix.com,1972-10-31
340,Fayre,Kuscha,fkuscha9f@typepad.com,1979-04-01
341,Tandy,McCambridge,tmccambridge9g@google.de,1973-03-29
342,Arther,Kimber,akimber9h@fda.gov,1981-05-31
343,Towney,Lackney,tlackney9i@ovh.net,1982-06-13
344,Chev,Fowles,cfowles9j@eepurl.com,1992-07-21
345,Ileane,Pepper,ipepper9k@cornell.edu,1983-01-16
346,Thalia,Park,tpark9l@edublogs.org,1994-02-02
347,Gordon,Ivantyev,givantyev9m@ftc.gov,1982-10-06
348,Benson,Yeskin,byeskin9n@fema.gov,1980-03-10
349,Malvin,Squires,msquires9o@nymag.com,1990-07-21
350,Diannne,Whittam,dwhittam9p@myspace.com,1983-08-02
351,Ranice,Manuely,rmanuely9q@google.com.br,1981-11-21
352,Elnar,Leahair,eleahair9r@un.org,1979-05-02
353,Codie,Saunder,csaunder9s@flickr.com,1983-05-18
354,Kat,Strodder,kstrodder9t@csmonitor.com,1977-03-10
355,Armin,Murrells,amurrells9u@elpais.com,1969-02-26
356,Axel,Freyne,afreyne9v@biglobe.ne.jp,1980-12-03
357,William,Al Hirsi,walhirsi9w@economist.com,1994-03-24
358,Layton,Render,lrender9x@hud.gov,1984-07-05
359,Del,Santacrole,dsantacrole9y@dion.ne.jp,1981-08-18
360,Petronilla,Lamblin,plamblin9z@omniture.com,1978-05-10
361,Ezri,Cartin,ecartina0@jigsy.com,1983-05-03
362,Cobb,Atty,cattya1@ameblo.jp,1985-11-16
363,Teresa,Brettelle,tbrettellea2@yahoo.com,1981-06-06
364,Diann,Carratt,dcarratta3@washington.edu,1985-09-04
365,Clemence,Suffield,csuffielda4@latimes.com,1992-06-05
366,Lara,Angrove,langrovea5@craigslist.org,1975-12-29
367,Donia,Hannond,dhannonda6@surveymonkey.com,1974-12-20
368,Man,Terbruggen,mterbruggena7@arizona.edu,1984-06-20
369,Randolph,Stow,rstowa8@elegantthemes.com,1975-02-18
370,Aldric,Syder,asydera9@spiegel.de,1990-11-14
371,Collie,Full,cfullaa@redcross.org,1977-10-02
372,Garrot,Stenhouse,gstenhouseab@fema.gov,1980-11-27
373,Lira,Mulholland,lmulhollandac@typepad.com,1978-10-15
374,Prentiss,Logesdale,plogesdalead@europa.eu,1985-01-14
375,Karl,Verrill,kverrillae@google.com.br,1992-03-10
376,Douglas,Preddy,dpreddyaf@phpbb.com,1977-01-31
377,Perle,Tesh,pteshag@pbs.org,1983-12-03
378,Launce,Butlin,lbutlinah@whitehouse.gov,1979-01-03
379,Randene,Pallaske,rpallaskeai@hostgator.com,1974-07-22
380,Hewe,Megarrell,hmegarrellaj@nature.com,1982-10-02
381,Drusie,Mullins,dmullinsak@reference.com,1981-02-07
382,Silas,Pearce,spearceal@mapy.cz,1983-03-31
383,Kellen,Faley,kfaleyam@vk.com,1986-05-01
384,Anette,Trevenu,atrevenuan@hatena.ne.jp,1993-04-02
385,Falkner,Phuprate,fphuprateao@youku.com,1978-01-11
386,Ash,Snedden,asneddenap@google.co.uk,1986-02-23
387,Kinnie,Trice,ktriceaq@jigsy.com,1978-07-05
388,Winne,Leven,wlevenar@arizona.edu,1987-10-04
389,Kirbie,Able,kableas@technorati.com,1972-01-30
390,Torre,Lasselle,tlasselleat@auda.org.au,1980-06-04
391,Gabrielle,Josuweit,gjosuweitau@businesswire.com,1981-06-26
392,Giavani,Dewbury,gdewburyav@usda.gov,1979-07-15
393,Auberon,Damper,adamperaw@flavors.me,1978-01-03
394,Levon,Latore,llatoreax@blogspot.com,1983-10-11
395,Mira,Afonso,mafonsoay@china.com.cn,1988-09-09
396,Britt,Maulden,bmauldenaz@chronoengine.com,1982-09-01
397,Roxie,Dwire,rdwireb0@bbb.org,1987-12-30
398,Lonnard,Rioch,lriochb1@umich.edu,1975-01-10
399,Risa,Hatherell,rhatherellb2@reverbnation.com,1973-08-28
400,Carlyle,Bingall,cbingallb3@samsung.com,1979-09-21
401,Alphard,Summerskill,asummerskillb4@engadget.com,1974-06-28
402,Florenza,Leirmonth,fleirmonthb5@tripod.com,1979-03-10
403,Burg,Korpolak,bkorpolakb6@w3.org,1977-09-13
404,Annecorinne,Hawler,ahawlerb7@nhs.uk,1986-03-26
405,Eugenia,Cutbush,ecutbushb8@cdbaby.com,1981-12-13
406,Marleah,Figg,mfiggb9@jiathis.com,1979-11-19
407,Colver,Rapelli,crapelliba@feedburner.com,1963-05-30
408,Rafaelita,Cheel,rcheelbb@oaic.gov.au,1981-09-29
409,Phillipe,Trevan,ptrevanbc@usda.gov,1985-09-07
410,Phillida,Eccott,peccottbd@newsvine.com,1993-10-01
411,Jamison,Roman,jromanbe@is.gd,1977-03-22
412,Anya,Goodyer,agoodyerbf@senate.gov,1982-09-09
413,Gray,Sclanders,gsclandersbg@ibm.com,1973-08-23
414,Care,O'Gavin,cogavinbh@bluehost.com,1989-06-16
415,Rahal,Dahmel,rdahmelbi@mapquest.com,1981-05-16
416,Renee,Stutte,rstuttebj@nytimes.com,1980-11-19
417,Rice,McLeary,rmclearybk@sbwire.com,1989-01-08
418,Krystle,Aggott,kaggottbl@jugem.jp,1984-07-13
419,Leonid,Cattermull,lcattermullbm@vk.com,1971-03-30
420,Sholom,Gravestone,sgravestonebn@simplemachines.org,1987-12-11
421,Trisha,Sooper,tsooperbo@jimdo.com,1996-04-19
422,Godfrey,Bennedsen,gbennedsenbp@amazon.co.uk,1978-02-22
423,Winifred,Manuelli,wmanuellibq@blog.com,1979-07-01
424,Robby,Giacopetti,rgiacopettibr@mlb.com,1980-12-13
425,Mason,Swainsbury,mswainsburybs@usatoday.com,1970-11-09
426,Hogan,Moloney,hmoloneybt@rambler.ru,1991-09-11
427,Berkley,Jenkinson,bjenkinsonbu@hexun.com,1983-03-17
428,Jaquith,Eake,jeakebv@blogtalkradio.com,1975-04-19
429,Lucille,Waslin,lwaslinbw@github.io,1979-08-03
430,Brooke,Evitt,bevittbx@youtube.com,1971-10-01
431,Jeannine,Paulusch,jpauluschby@thetimes.co.uk,1983-02-13
432,Mateo,Olrenshaw,molrenshawbz@i2i.jp,1976-10-06
433,Joice,Gersam,jgersamc0@wisc.edu,1978-09-14
434,Vanya,Petrie,vpetriec1@bing.com,1990-03-28
435,Prisca,Legh,pleghc2@meetup.com,1983-04-09
436,Katina,Kellough,kkelloughc3@ucla.edu,1967-09-10
437,Curran,Penkethman,cpenkethmanc4@hhs.gov,1989-04-26
438,Daffy,Ramelet,drameletc5@netvibes.com,1976-11-18
439,Billy,Briand,bbriandc6@uiuc.edu,1986-05-19
440,Cariotta,Stebbin,cstebbinc7@biblegateway.com,1976-03-02
441,Ado,Manclark,amanclarkc8@amazonaws.com,1991-05-06
442,Rupert,Langridge,rlangridgec9@wiley.com,1979-07-16
443,Rhett,Ping,rpingca@comcast.net,1975-02-27
444,Morlee,Pybus,mpybuscb@devhub.com,1980-08-01
445,Thekla,Filyakov,tfilyakovcc@yale.edu,1987-12-29
446,Meggi,Facey,mfaceycd@devhub.com,1983-04-24
447,Ernst,Sherbrooke,esherbrookece@cbslocal.com,1978-06-13
448,Jazmin,Roundtree,jroundtreecf@naver.com,1984-06-11
449,Lilias,Greenrodd,lgreenroddcg@ebay.com,1977-07-22
450,Terence,Dyzart,tdyzartch@ted.com,1979-12-06
451,Brennan,Effemy,beffemyci@globo.com,1985-10-12
452,Vivyanne,McCaw,vmccawcj@tumblr.com,1977-07-14
453,Ewell,Jellett,ejellettck@furl.net,1980-12-13
454,Warden,Diggar,wdiggarcl@altervista.org,1986-11-02
455,Yul,Hobson,yhobsoncm@ow.ly,1981-06-07
456,Tracie,Southcomb,tsouthcombcn@wsj.com,1968-03-27
457,Daisy,Kitchinham,dkitchinhamco@mac.com,1974-09-22
458,Rog,Bedells,rbedellscp@usatoday.com,1983-07-04
459,Cathee,Ponter,cpontercq@chron.com,1976-11-04
460,Stewart,Giacobillo,sgiacobillocr@icq.com,1973-12-07
461,Howie,Treweela,htreweelacs@epa.gov,1969-11-29
462,Wendye,Lillee,wlilleect@51.la,1979-07-11
463,Stesha,Magson,smagsoncu@ifeng.com,1983-09-19
464,Shelden,Ballantyne,sballantynecv@skyrock.com,1984-12-30
465,Danya,Shekle,dsheklecw@blogs.com,1977-03-21
466,Rodrigo,McGreil,rmcgreilcx@uol.com.br,1983-09-21
467,Jeni,Collin,jcollincy@cloudflare.com,1983-09-01
468,Jammal,Porritt,jporrittcz@bloomberg.com,1988-11-19
469,Allayne,Conaboy,aconaboyd0@livejournal.com,1989-11-19
470,Aurelie,Bell,abelld1@51.la,1974-08-21
471,Cullen,Hebborn,chebbornd2@flavors.me,1989-02-07
472,Montague,Cron,mcrond3@weebly.com,1977-08-07
473,Adelaida,Lorenzo,alorenzod4@blog.com,1966-04-29
474,Agathe,Netherwood,anetherwoodd5@bravesites.com,1984-01-25
475,Hakim,Davinet,hdavinetd6@amazonaws.com,1978-11-22
476,Arnaldo,Sobczak,asobczakd7@sbwire.com,1979-11-25
477,Gwendolin,Franks,gfranksd8@usa.gov,1981-11-14
478,Ilario,Di Maria,idimariad9@who.int,1984-03-23
479,Fran,Canlin,fcanlinda@drupal.org,1988-02-25
480,Gonzales,Darrach,gdarrachdb@wp.com,1983-05-02
481,Emeline,Farden,efardendc@indiatimes.com,1983-07-17
482,Lucretia,Cardow,lcardowdd@google.nl,1977-03-11
483,Elnore,Pomfret,epomfretde@sourceforge.net,1978-03-11
484,Rivy,McGarrell,rmcgarrelldf@mac.com,1983-11-23
485,Cordelie,MacGragh,cmacgraghdg@fema.gov,1978-11-26
486,Thia,Munkton,tmunktondh@pagesperso-orange.fr,1985-06-25
487,Brunhilda,Severns,bsevernsdi@google.nl,1976-09-06
488,Batholomew,Caret,bcaretdj@gnu.org,1973-11-20
489,Tony,Uglow,tuglowdk@sbwire.com,1972-03-18
490,Odille,Butterworth,obutterworthdl@wix.com,1984-12-01
491,Zach,Jaime,zjaimedm@answers.com,1981-07-14
492,Maitilde,Keener,mkeenerdn@cbsnews.com,1983-11-06
493,Julieta,Leftridge,jleftridgedo@rakuten.co.jp,1976-08-31
494,Melvin,Leynham,mleynhamdp@hud.gov,1976-08-08
495,Elihu,Garey,egareydq@geocities.com,1979-08-19
496,Toddie,Sappell,tsappelldr@surveymonkey.com,1982-03-20
497,Judye,Prettyjohns,jprettyjohnsds@wufoo.com,1973-05-12
498,Shay,Jiggle,sjiggledt@plala.or.jp,1984-02-27
499,Derby,Manketell,dmanketelldu@harvard.edu,1981-08-06
500,Hermine,Lampe,hlampedv@ucla.edu,1982-01-31
501,Maddy,Crippin,mcrippindw@latimes.com,1986-05-23
502,Esma,Von Welldun,evonwelldundx@yale.edu,1973-10-07
503,Say,Halpine,shalpinedy@umn.edu,1991-03-22
504,Andi,Fuzzens,afuzzensdz@seattletimes.com,1988-04-15
505,Ruby,De Brett,rdebrette0@mapy.cz,1980-08-02
506,Malena,Bathoe,mbathoee1@nifty.com,1979-01-30
507,Sam,Hurran,shurrane2@microsoft.com,1985-06-30
508,Minne,Sorby,msorbye3@yale.edu,1981-03-19
509,Lucas,Pither,lpithere4@wix.com,1977-09-07
510,Giustina,Fownes,gfownese5@chronoengine.com,1972-03-09
511,Warren,Karran,wkarrane6@homestead.com,1988-01-16
512,Arv,Tippetts,atippettse7@yahoo.co.jp,1982-07-11
513,Hanni,Pretti,hprettie8@jugem.jp,1984-09-11
514,Bibi,Blunderfield,bblunderfielde9@bbc.co.uk,1986-05-14
515,Jeremias,Growden,jgrowdenea@mapy.cz,1981-04-01
516,Elton,Dennick,edennickeb@illinois.edu,1983-09-17
517,Martyn,McCurt,mmccurtec@techcrunch.com,1980-01-09
518,Emylee,Kohrt,ekohrted@hc360.com,1969-06-18
519,Maurita,McInteer,mmcinteeree@shinystat.com,1970-01-29
520,Russ,Simnel,rsimnelef@answers.com,1984-03-01
521,Julianna,Windridge,jwindridgeeg@dyndns.org,1979-03-21
522,Marietta,D'Abbot-Doyle,mdabbotdoyleeh@washingtonpost.com,1974-08-19
523,Keene,Battey,kbatteyei@merriam-webster.com,1972-08-02
524,Linnea,Jull,ljullej@aboutads.info,1977-12-30
525,Guthrie,Clemon,gclemonek@indiegogo.com,1980-07-14
526,Egbert,Castles,ecastlesel@elegantthemes.com,1969-11-06
527,Alister,Aries,aariesem@chicagotribune.com,1978-06-01
528,Robbin,Scarfe,rscarfeen@amazon.co.uk,1976-09-11
529,Malcolm,Prop,mpropeo@delicious.com,1975-04-08
530,Margot,Duffrie,mduffrieep@github.com,1979-10-21
531,Thorndike,Pimblotte,tpimblotteeq@wix.com,1987-07-15
532,Kerk,Lethley,klethleyer@walmart.com,1976-08-24
533,Eldin,Maillard,emaillardes@yellowbook.com,1995-01-30
534,Lemmy,Corwin,lcorwinet@biglobe.ne.jp,1989-11-25
535,Tabor,Brookesbie,tbrookesbieeu@imgur.com,1988-03-23
536,Frans,Sybbe,fsybbeev@xrea.com,1974-10-26
537,Ruddie,Ricco,rriccoew@nytimes.com,1984-06-07
538,Ezri,Eckford,eeckfordex@sina.com.cn,1985-07-30
539,Addie,Senussi,asenussiey@360.cn,1989-03-05
540,Dore,Sokale,dsokaleez@slashdot.org,1988-03-23
541,Willette,Sacchetti,wsacchettif0@usa.gov,1967-08-16
542,Tobye,Francello,tfrancellof1@ibm.com,1980-12-02
543,Emma,Cutts,ecuttsf2@blogs.com,1994-08-03
544,Henrieta,Shorbrook,hshorbrookf3@joomla.org,1987-08-26
545,Dayle,Clemont,dclemontf4@google.ru,1984-10-02
546,Aube,Tremathack,atremathackf5@dion.ne.jp,1985-01-20
547,Michelina,Quinnell,mquinnellf6@lulu.com,1976-10-11
548,Nertie,Grote,ngrotef7@g.co,1971-01-02
549,Joannes,MacCracken,jmaccrackenf8@nationalgeographic.com,1971-06-21
550,Doretta,Richarson,dricharsonf9@linkedin.com,1971-06-07
551,Jacky,Labbati,jlabbatifa@arstechnica.com,1967-05-24
552,Randee,Sink,rsinkfb@washingtonpost.com,1980-08-10
553,Babb,Chittey,bchitteyfc@europa.eu,1964-02-06
554,Waylan,Janicek,wjanicekfd@nhs.uk,1987-11-23
555,Kurt,Martinat,kmartinatfe@irs.gov,1989-08-27
556,Darla,Rosewell,drosewellff@123-reg.co.uk,1979-12-21
557,Miguelita,Arguile,marguilefg@multiply.com,1986-05-18
558,Salvador,Cartmel,scartmelfh@patch.com,1986-06-24
559,Reba,Percifer,rperciferfi@360.cn,1982-05-12
560,Bettye,Formilli,bformillifj@desdev.cn,1982-12-04
561,Sherri,Kirkpatrick,skirkpatrickfk@biglobe.ne.jp,1977-07-27
562,Christalle,Siman,csimanfl@xrea.com,1986-08-30
563,Francesca,Ovise,fovisefm@multiply.com,1981-07-23
564,Blair,MacPherson,bmacphersonfn@goo.ne.jp,1988-04-19
565,Delphinia,Asplin,dasplinfo@bizjournals.com,1985-05-29
566,Lira,Gantz,lgantzfp@gov.uk,1987-06-30
567,Andra,Kirvin,akirvinfq@bbc.co.uk,1979-09-16
568,Daveen,Tuminelli,dtuminellifr@yolasite.com,1984-05-16
569,Alaine,Phelipeau,aphelipeaufs@ycombinator.com,1992-04-09
570,Konstantin,O'Sheils,kosheilsft@ask.com,1972-08-15
571,Susette,Lade,sladefu@comsenz.com,1986-10-20
572,Katy,Worsnap,kworsnapfv@cam.ac.uk,1988-02-13
573,Adan,Poston,apostonfw@abc.net.au,1979-01-16
574,Demetris,Pargetter,dpargetterfx@google.com.br,1994-08-29
575,Mercie,Allardyce,mallardycefy@bizjournals.com,1982-02-15
576,Drugi,Sallows,dsallowsfz@live.com,1981-03-01
577,Minny,Ambresin,mambresing0@unesco.org,1980-05-11
578,Mikael,Chiene,mchieneg1@deviantart.com,1972-02-19
579,Eustacia,Wycliff,ewycliffg2@quantcast.com,1985-02-22
580,Aldwin,Sleeny,asleenyg3@tinyurl.com,1993-12-01
581,Kipp,Tipping,ktippingg4@fda.gov,1986-02-08
582,Milly,Swayland,mswaylandg5@desdev.cn,1980-06-13
583,Urbano,Lelliott,ulelliottg6@istockphoto.com,1983-02-04
584,Dyanne,Fredy,dfredyg7@vkontakte.ru,1996-10-21
585,Tanny,Eustes,teustesg8@netlog.com,1992-12-06
586,Doyle,Veronique,dveroniqueg9@vinaora.com,1982-03-05
587,Marietta,Fortnon,mfortnonga@uiuc.edu,1979-11-24
588,Mathilde,Rickaert,mrickaertgb@free.fr,1974-04-02
589,Tate,Spinks,tspinksgc@bravesites.com,1987-10-18
590,Toiboid,O'Mullaney,tomullaneygd@cdbaby.com,1975-05-10
591,Alberta,Spridgeon,aspridgeonge@springer.com,1980-04-19
592,Vassily,Cashmore,vcashmoregf@dedecms.com,1981-02-23
593,Sallyann,Dinnington,sdinningtongg@phpbb.com,1969-09-03
594,Cacilia,Exelby,cexelbygh@google.ca,1971-05-06
595,Arda,Baraclough,abaracloughgi@wired.com,1986-04-02
596,Borg,Calcutt,bcalcuttgj@google.nl,1979-10-05
597,Bryon,Webland,bweblandgk@squarespace.com,1972-01-30
598,Barby,Kitcat,bkitcatgl@usatoday.com,1979-09-05
599,Lebbie,Caldecourt,lcaldecourtgm@springer.com,1983-06-26
600,Huberto,Osmund,hosmundgn@meetup.com,1985-06-06
601,Obie,Neesam,oneesamgo@google.it,1982-06-10
602,Edmund,Crevy,ecrevygp@google.co.uk,1980-06-21
603,Teresa,Sydry,tsydrygq@mayoclinic.com,1979-08-29
604,Matt,Hurley,mhurleygr@state.tx.us,1986-07-06
605,Katya,Cass,kcassgs@tuttocitta.it,1978-03-19
606,Evyn,Whitley,ewhitleygt@seesaa.net,1987-06-04
607,Ursola,McIlraith,umcilraithgu@bravesites.com,1985-09-22
608,Tammara,Nanetti,tnanettigv@berkeley.edu,1983-11-03
609,Phip,Palley,ppalleygw@miitbeian.gov.cn,1991-09-03
610,Giralda,Dressel,gdresselgx@google.pl,1986-02-27
611,Arron,Balmadier,abalmadiergy@a8.net,1978-03-14
612,Denna,Burtwell,dburtwellgz@xing.com,1994-12-27
613,Valentino,McTeague,vmcteagueh0@usda.gov,1975-03-11
614,Roland,Moller,rmollerh1@soundcloud.com,1974-08-06
615,Shirley,Jest,sjesth2@nydailynews.com,1989-02-03
616,Bax,Rottcher,brottcherh3@nytimes.com,1980-02-17
617,Koenraad,Lavalde,klavaldeh4@ca.gov,1987-10-11
618,Jakob,Portal,jportalh5@hud.gov,1989-04-12
619,Sonny,Malek,smalekh6@t-online.de,1979-03-29
620,Aguistin,Morsley,amorsleyh7@webnode.com,1970-08-04
621,Hillary,Ascough,hascoughh8@cnet.com,1987-04-02
622,Lee,Keeffe,lkeeffeh9@com.com,1975-09-15
623,Roth,Ruffli,rruffliha@usa.gov,1989-04-04
624,Torie,Fullun,tfullunhb@dedecms.com,1982-10-28
625,Nels,Dadson,ndadsonhc@behance.net,1986-12-09
626,Jeffry,Richemond,jrichemondhd@nytimes.com,1986-12-03
627,Teresina,Treslove,ttreslovehe@marketwatch.com,1992-04-01
628,Joachim,Geldard,jgeldardhf@elegantthemes.com,1965-10-06
629,Salaidh,Cohr,scohrhg@ebay.co.uk,1987-04-01
630,Cacilie,Geoghegan,cgeogheganhh@home.pl,1976-12-11
631,Rodi,Jaggar,rjaggarhi@printfriendly.com,1985-04-29
632,Benedick,Owers,bowershj@japanpost.jp,1991-01-12
633,Elisabetta,Stobie,estobiehk@plala.or.jp,1968-09-14
634,Merrie,Grenfell,mgrenfellhl@imdb.com,1980-09-04
635,Suellen,Hartin,shartinhm@ustream.tv,1979-09-02
636,Jaimie,Arnholdt,jarnholdthn@aboutads.info,1978-04-28
637,Christal,Fetherston,cfetherstonho@edublogs.org,1990-08-17
638,Viki,Gerrelt,vgerrelthp@ask.com,1970-11-30
639,Ludvig,Roux,lrouxhq@businesswire.com,1983-01-31
640,Dewain,Lishman,dlishmanhr@aboutads.info,1987-07-07
641,Sheila-kathryn,Scase,sscasehs@epa.gov,1977-04-01
642,Ariadne,Jamieson,ajamiesonht@studiopress.com,1986-06-06
643,Krystal,Davey,kdaveyhu@vinaora.com,1981-10-16
644,Vivie,Rycroft,vrycrofthv@answers.com,1994-05-21
645,Kaia,Etherton,kethertonhw@google.pl,1985-07-24
646,Gregg,Collard,gcollardhx@nydailynews.com,1987-12-05
647,Elbertine,Vala,evalahy@google.com.br,1989-10-05
648,Chaim,Briat,cbriathz@imageshack.us,1972-04-24
649,Regine,McLinden,rmclindeni0@amazon.de,1979-02-04
650,Carling,Skoggins,cskogginsi1@marriott.com,1980-10-31
651,Barri,Rumble,brumblei2@skype.com,1978-09-08
652,Malcolm,McEntee,mmcenteei3@howstuffworks.com,1981-11-08
653,Millicent,Chittie,mchittiei4@unicef.org,1986-01-13
654,Aurora,Dommerque,adommerquei5@t-online.de,1985-09-24
655,Lucille,Cunde,lcundei6@constantcontact.com,1985-12-19
656,Lydia,Colton,lcoltoni7@bbc.co.uk,1981-09-08
657,Yanaton,LLelweln,yllelwelni8@wordpress.org,1986-03-24
658,Lynnette,Brixey,lbrixeyi9@mediafire.com,1980-02-10
659,Bing,Ingreda,bingredaia@indiatimes.com,1985-10-25
660,Joli,Dono,jdonoib@sourceforge.net,1975-04-20
661,Durand,Elacoate,delacoateic@berkeley.edu,1960-01-01
662,Claudelle,Plan,cplanid@wikia.com,1968-05-03
663,Verge,Bellenger,vbellengerie@lycos.com,1991-11-08
664,Shanda,Woolager,swoolagerif@alexa.com,1976-05-16
665,Sol,Bradd,sbraddig@umich.edu,1984-05-05
666,Lenard,MacGlory,lmacgloryih@virginia.edu,1981-06-05
667,Nefen,Hutchason,nhutchasonii@umn.edu,1986-01-04
668,Gizela,Franceschielli,gfranceschielliij@apache.org,1985-09-17
669,Ivie,Witherbed,iwitherbedik@gmpg.org,1965-06-02
670,Cordey,Hasslocher,chasslocheril@cafepress.com,1987-11-08
671,Arturo,Bowfin,abowfinim@harvard.edu,1988-05-04
672,Wadsworth,Olyfant,wolyfantin@lulu.com,1977-06-18
673,Van,Hargie,vhargieio@kickstarter.com,1977-06-06
674,Linda,Stokey,lstokeyip@csmonitor.com,1978-10-02
675,Janice,Stapforth,jstapforthiq@java.com,1984-01-14
676,Channa,Bruntje,cbruntjeir@youku.com,1988-05-05
677,Alix,Akers,aakersis@cnn.com,1982-08-30
678,Jud,Filipov,jfilipovit@free.fr,1980-08-24
679,Jeramey,Brennan,jbrennaniu@unesco.org,1973-05-19
680,Cathi,Mustoo,cmustooiv@phpbb.com,1979-07-03
681,Ferd,Brant,fbrantiw@nbcnews.com,1978-04-15
682,Wash,Keedy,wkeedyix@weebly.com,1981-06-24
683,Barbabra,Greatreax,bgreatreaxiy@nih.gov,1990-09-06
684,Erek,Skeggs,eskeggsiz@indiatimes.com,1978-09-20
685,Ofelia,Threlfall,othrelfallj0@t.co,1988-03-12
686,Sara-ann,Trahair,strahairj1@techcrunch.com,1980-12-20
687,Merrilee,Gornar,mgornarj2@usatoday.com,1978-02-18
688,Yettie,Kleynermans,ykleynermansj3@imdb.com,1981-04-20
689,Jehanna,Pales,jpalesj4@google.com.au,1986-08-11
690,Jabez,Pagel,jpagelj5@samsung.com,1978-07-02
691,Ingelbert,Lynthal,ilynthalj6@tripadvisor.com,1983-12-09
692,Sherilyn,Everly,severlyj7@deviantart.com,1967-09-12
693,Sapphira,Taw,stawj8@nbcnews.com,1977-05-26
694,Johanna,Saing,jsaingj9@baidu.com,1991-10-14
695,Bev,Enderby,benderbyja@issuu.com,1979-11-16
696,Almeda,Kermott,akermottjb@bigcartel.com,1984-12-24
697,Lenee,Ducarne,lducarnejc@si.edu,1987-07-25
698,Alysia,Robottham,arobotthamjd@lycos.com,1974-06-24
699,Meredeth,Brasher,mbrasherje@huffingtonpost.com,1972-01-02
700,Egor,Hedditeh,ehedditehjf@geocities.jp,1991-06-18
701,Rebe,Winny,rwinnyjg@issuu.com,1981-04-01
702,Catlee,Giorgione,cgiorgionejh@nationalgeographic.com,1981-05-12
703,Janina,McGorley,jmcgorleyji@1und1.de,1982-04-27
704,Andreana,Sergeant,asergeantjj@army.mil,1988-08-19
705,Agathe,Denacamp,adenacampjk@desdev.cn,1989-01-08
706,Aliza,Oller,aollerjl@bigcartel.com,1981-04-24
707,Maximo,McConnachie,mmcconnachiejm@ftc.gov,1987-10-28
708,Odette,Pozer,opozerjn@hao123.com,1974-02-02
709,Von,Childes,vchildesjo@imageshack.us,1982-04-20
710,Justinian,Garr,jgarrjp@is.gd,1967-04-27
711,Mady,Milkins,mmilkinsjq@huffingtonpost.com,1979-07-31
712,Normand,Cleall,nclealljr@altervista.org,1976-03-24
713,Elvis,Bremner,ebremnerjs@t.co,1967-06-23
714,Marlane,Damiata,mdamiatajt@vimeo.com,1986-10-24
715,Cordy,Ruddiforth,cruddiforthju@nih.gov,1979-02-04
716,Carly,Couth,ccouthjv@patch.com,1982-01-03
717,Norry,Djurkovic,ndjurkovicjw@seattletimes.com,1995-01-30
718,Aubrey,Cutridge,acutridgejx@vistaprint.com,1980-06-07
719,Corny,Pinnion,cpinnionjy@wufoo.com,1983-12-18
720,Bentley,Lodwick,blodwickjz@de.vu,1992-02-02
721,Witty,Marmyon,wmarmyonk0@jigsy.com,1993-02-04
722,Ingamar,Reedman,ireedmank1@ucla.edu,1978-06-05
723,Druci,Ioannou,dioannouk2@paypal.com,1982-09-25
724,Hoyt,Claeskens,hclaeskensk3@ca.gov,1979-01-13
725,Forrester,Greensmith,fgreensmithk4@smh.com.au,1980-06-01
726,Meir,Gensavage,mgensavagek5@themeforest.net,1983-08-22
727,Chanda,Kelleway,ckellewayk6@state.tx.us,1981-05-26
728,Sheree,Foort,sfoortk7@newyorker.com,1986-06-03
729,Gene,Curnokk,gcurnokkk8@meetup.com,1978-07-25
730,Reagen,Prenty,rprentyk9@bizjournals.com,1985-11-09
731,Raymund,Glanville,rglanvilleka@springer.com,1968-07-05
732,Myrle,Grigoriscu,mgrigoriscukb@furl.net,1994-05-10
733,Ingemar,Sustins,isustinskc@sciencedaily.com,1981-06-07
734,Coraline,Goldstraw,cgoldstrawkd@1688.com,1972-04-27
735,Alfreda,Faas,afaaske@livejournal.com,1977-06-27
736,Constanta,Alfonsetto,calfonsettokf@yahoo.co.jp,1982-12-20
737,Bessie,Darrel,bdarrelkg@ocn.ne.jp,1989-10-12
738,Howard,Parsonage,hparsonagekh@friendfeed.com,1976-09-13
739,Selina,Odell,sodellki@deviantart.com,1994-03-25
740,Levi,Holsall,lholsallkj@opera.com,1976-11-23
741,Janaye,Bexley,jbexleykk@booking.com,1979-09-05
742,Lura,Limbert,llimbertkl@1und1.de,1978-07-27
743,Erie,Hawyes,ehawyeskm@reuters.com,1984-11-01
744,Cornelia,O' Liddy,coliddykn@state.gov,1983-01-19
745,Neale,Hardie,nhardieko@princeton.edu,1981-12-27
746,Henrik,Cashin,hcashinkp@apple.com,1976-09-08
747,Locke,Knivett,lknivettkq@is.gd,1970-12-05
748,Dolli,Corsan,dcorsankr@woothemes.com,1980-08-25
749,Angil,Beglin,abeglinks@posterous.com,1974-08-17
750,Jone,Vardon,jvardonkt@last.fm,1987-01-19
751,Cacilie,Surgenor,csurgenorku@ucla.edu,1995-12-07
752,Jane,Doohan,jdoohankv@china.com.cn,1986-08-21
753,Bruno,Kirley,bkirleykw@icq.com,1971-03-19
754,Stacey,Rymer,srymerkx@1688.com,1978-09-30
755,Leanor,Orrah,lorrahky@sbwire.com,1981-07-12
756,George,Wyrall,gwyrallkz@discovery.com,1976-06-30
757,Hetty,Cowsby,hcowsbyl0@hibu.com,1976-07-27
758,Salomo,Fealy,sfealyl1@miitbeian.gov.cn,1977-10-29
759,Judas,Stock,jstockl2@facebook.com,1974-02-02
760,Ketty,Biffin,kbiffinl3@army.mil,1985-11-26
761,Nefen,Matiebe,nmatiebel4@cmu.edu,1993-04-14
762,Garv,Hanbury,ghanburyl5@mit.edu,1985-10-10
763,Sukey,Valett,svalettl6@deviantart.com,1975-08-01
764,Trumann,Lezemere,tlezemerel7@mlb.com,1991-11-13
765,Dani,Benner,dbennerl8@google.co.jp,1975-12-02
766,Angel,Kaming,akamingl9@tripadvisor.com,1989-11-23
767,Yardley,Sikorski,ysikorskila@china.com.cn,1984-12-20
768,Stepha,Lucey,sluceylb@sbwire.com,1991-02-13
769,Clyde,Hegg,chegglc@mapquest.com,1983-12-03
770,Deeyn,Senten,dsentenld@house.gov,1975-09-07
771,Claudina,Kaindl,ckaindlle@epa.gov,1982-06-22
772,Vita,Slobom,vslobomlf@mac.com,1980-11-10
773,Carlynn,Swaisland,cswaislandlg@usa.gov,1990-03-03
774,Jennie,Strut,jstrutlh@tripod.com,1993-01-22
775,Kristi,Durn,kdurnli@amazonaws.com,1992-02-11
776,Vinnie,Golda,vgoldalj@ow.ly,1979-01-19
777,Trev,Maylor,tmaylorlk@engadget.com,1977-01-07
778,Ceciley,Wallwood,cwallwoodll@jalbum.net,1980-06-06
779,Roseanna,Lovelock,rlovelocklm@chicagotribune.com,1991-03-30
780,Friedrich,Prier,fprierln@ycombinator.com,1976-01-27
781,Chevy,Perrin,cperrinlo@cdc.gov,1980-06-17
782,Loren,Budden,lbuddenlp@intel.com,1984-12-05
783,Rhiamon,Labin,rlabinlq@icq.com,1977-02-16
784,Berenice,Stratley,bstratleylr@pagesperso-orange.fr,1977-12-29
785,Julee,Orpen,jorpenls@photobucket.com,1979-04-12
786,Arabel,Tumelty,atumeltylt@answers.com,1994-01-12
787,Henri,Casassa,hcasassalu@statcounter.com,1980-11-24
788,Evania,Pennycuick,epennycuicklv@imdb.com,1992-09-04
789,Grace,Skea,gskealw@oakley.com,1972-10-29
790,Marchall,Mayworth,mmayworthlx@homestead.com,1989-12-10
791,Jarid,Ray,jrayly@japanpost.jp,1984-09-30
792,Lila,Dudmarsh,ldudmarshlz@behance.net,1983-06-14
793,Erastus,Eshelby,eeshelbym0@samsung.com,1972-06-19
794,Dimitry,Neubigin,dneubiginm1@walmart.com,1976-08-28
795,Cam,MacGilpatrick,cmacgilpatrickm2@usatoday.com,1985-01-11
796,Dannie,Nutton,dnuttonm3@apple.com,1982-11-08
797,Daryn,De Roberto,dderobertom4@devhub.com,1992-01-30
798,Rodrick,Siggers,rsiggersm5@ebay.com,1975-03-22
799,Carmella,Mushrow,cmushrowm6@cargocollective.com,1989-07-02
800,Doro,Windybank,dwindybankm7@ameblo.jp,1986-07-17
801,Kelcy,Gatty,kgattym8@mlb.com,1973-04-04
802,Rossy,O'Hogertie,rohogertiem9@stumbleupon.com,1982-12-17
803,Lydie,Sickling,lsicklingma@ihg.com,1982-07-11
804,Trixie,Scutter,tscuttermb@ezinearticles.com,1988-12-20
805,Hannis,Estcot,hestcotmc@google.fr,1976-10-07
806,Gaylor,Fawks,gfawksmd@adobe.com,1974-07-03
807,Donelle,Kynder,dkynderme@dell.com,1983-01-26
808,Verene,Vanyatin,vvanyatinmf@altervista.org,1981-01-11
809,Verney,Wensley,vwensleymg@delicious.com,1985-01-22
810,Orland,Peasee,opeaseemh@mtv.com,1981-11-02
811,Dara,Hopfer,dhopfermi@biblegateway.com,1983-10-27
812,Johnnie,Tollet,jtolletmj@cbc.ca,1988-02-24
813,Brockie,Haslum,bhaslummk@odnoklassniki.ru,1994-02-02
814,Lavinie,Riba,lribaml@nymag.com,1992-01-06
815,Tremayne,Emsden,temsdenmm@exblog.jp,1971-05-25
816,Major,Lambarton,mlambartonmn@artisteer.com,1982-01-23
817,Alethea,Ackers,aackersmo@wikispaces.com,1987-03-09
818,Ad,Lofthouse,alofthousemp@guardian.co.uk,1986-08-04
819,Brandise,Labet,blabetmq@scientificamerican.com,1987-12-08
820,Benoite,de Wilde,bdewildemr@sciencedaily.com,1986-08-22
821,Sven,Crimmins,scrimminsms@wikispaces.com,1972-07-01
822,Joana,Ahmad,jahmadmt@over-blog.com,1980-05-30
823,Charlot,Loomis,cloomismu@phoca.cz,1979-10-25
824,Frederique,Kingscote,fkingscotemv@netvibes.com,1979-12-02
825,Currey,Davy,cdavymw@ovh.net,1973-06-09
826,Eleanora,Hathway,ehathwaymx@wikimedia.org,1983-09-22
827,Yolanda,Ive,yivemy@livejournal.com,1987-08-12
828,Dacy,Brose,dbrosemz@yellowpages.com,1986-03-14
829,Jodie,Merida,jmeridan0@weather.com,1971-03-17
830,Laurice,Seggie,lseggien1@homestead.com,1990-03-27
831,Veronika,Biggen,vbiggenn2@bloglovin.com,1985-01-22
832,Mary,Hackelton,mhackeltonn3@buzzfeed.com,1980-10-21
833,Maryellen,Bredes,mbredesn4@shareasale.com,1987-06-26
834,Amity,Burdekin,aburdekinn5@google.com.hk,1972-06-07
835,Delila,Reihill,dreihilln6@github.com,1987-04-11
836,Willie,Cavilla,wcavillan7@unc.edu,1979-01-22
837,Vidovic,Desson,vdessonn8@w3.org,1990-11-08
838,Idalia,Carslake,icarslaken9@theatlantic.com,1974-10-16
839,Lon,Soans,lsoansna@sciencedirect.com,1990-10-13
840,Augustus,Pundy,apundynb@pagesperso-orange.fr,1985-03-29
841,Jordon,Janak,jjanaknc@posterous.com,1978-11-09
842,Karine,D'Angeli,kdangelind@merriam-webster.com,1980-07-22
843,Roxine,Jeayes,rjeayesne@mac.com,1985-01-15
844,Miner,Arunowicz,marunowicznf@huffingtonpost.com,1990-04-10
845,Stanislaw,McGlaud,smcglaudng@macromedia.com,1981-02-26
846,Horatia,Dirkin,hdirkinnh@mapquest.com,1981-12-19
847,Keelby,Newey,kneweyni@upenn.edu,1988-04-05
848,Emeline,Levick,elevicknj@bizjournals.com,1984-11-07
849,Maud,Cornils,mcornilsnk@google.com.br,1984-10-18
850,Farrel,Teodoro,fteodoronl@1und1.de,1977-04-10
851,Jeanine,Raise,jraisenm@topsy.com,1980-11-05
852,Gayler,Thewless,gthewlessnn@woothemes.com,1980-05-11
853,Bord,Bullent,bbullentno@shutterfly.com,1978-08-08
854,Saxon,Keighly,skeighlynp@forbes.com,1993-11-28
855,Shelton,Widdicombe,swiddicombenq@flavors.me,1983-04-05
856,Vinnie,Crunkhorn,vcrunkhornnr@nationalgeographic.com,1981-12-12
857,Abbey,Raffles,arafflesns@cbc.ca,1978-02-14
858,Roi,Skillen,rskillennt@scribd.com,1980-05-24
859,Aurthur,Collishaw,acollishawnu@prweb.com,1973-12-24
860,Hilliary,Setterington,hsetteringtonnv@huffingtonpost.com,1975-06-27
861,Aveline,Dodge,adodgenw@php.net,1980-04-05
862,Sergei,Cosgrove,scosgrovenx@comsenz.com,1989-01-14
863,Sasha,Chesley,schesleyny@nih.gov,1982-01-13
864,Elsy,Franceschielli,efranceschiellinz@google.de,1978-01-23
865,Warde,O'Cooney,wocooneyo0@nbcnews.com,1981-09-15
866,Marcy,Johanning,mjohanningo1@usa.gov,1982-10-20
867,Moina,Younglove,myoungloveo2@washington.edu,1987-07-08
868,Ashlee,Abernethy,aabernethyo3@uiuc.edu,1982-10-11
869,Shelby,Mc Grath,smcgratho4@cnn.com,1982-10-17
870,Maye,Shapero,mshaperoo5@ibm.com,1975-05-28
871,Darnall,Isack,disacko6@qq.com,1987-01-25
872,Dorine,Yaakov,dyaakovo7@google.ru,1985-07-25
873,Giselbert,Smallbone,gsmallboneo8@yelp.com,1984-03-11
874,Tamar,McIlmorie,tmcilmorieo9@wix.com,1994-07-17
875,Allsun,Galiford,agalifordoa@go.com,1984-01-06
876,Nadya,Bulbrook,nbulbrookob@scribd.com,1973-05-25
877,Urbanus,Sermin,userminoc@icio.us,1989-12-11
878,Venita,Cotter,vcotterod@auda.org.au,1970-06-20
879,Avie,Wyrall,awyralloe@merriam-webster.com,1978-05-02
880,Jemimah,Drysdell,jdrysdellof@youtube.com,1979-12-15
881,Timothea,Hepher,thepherog@domainmarket.com,1972-05-03
882,Tabbie,Curzon,tcurzonoh@example.com,1977-02-16
883,Otis,Blazey,oblazeyoi@soundcloud.com,1976-11-20
884,Gawain,Foley,gfoleyoj@aol.com,1995-03-13
885,Chandra,Oldall,coldallok@networksolutions.com,1968-07-17
886,Rhianna,Troubridge,rtroubridgeol@hud.gov,1978-12-17
887,Honoria,M'Quhan,hmquhanom@cnn.com,1975-05-21
888,Ransell,Sneyd,rsneydon@nationalgeographic.com,1991-04-16
889,Brady,MacGill,bmacgilloo@eventbrite.com,1990-06-26
890,Lesley,Daborne,ldaborneop@cbslocal.com,1989-03-07
891,Herb,Creek,hcreekoq@princeton.edu,1988-09-19
892,Lennard,Moreno,lmorenoor@1688.com,1983-08-23
893,Quincy,Ryder,qryderos@google.fr,1983-11-09
894,Charin,Drews,cdrewsot@si.edu,1988-01-26
895,Kelcie,Keford,kkefordou@goo.ne.jp,1980-10-20
896,Evy,Duignan,eduignanov@reddit.com,1982-04-09
897,Fair,Camamill,fcamamillow@privacy.gov.au,1980-04-07
898,Salome,Bandy,sbandyox@wix.com,1979-04-27
899,Prue,Davidson,pdavidsonoy@tumblr.com,1986-10-30
900,Gearard,Perrone,gperroneoz@mozilla.org,1991-07-27
901,Katherina,Mucklestone,kmucklestonep0@msn.com,1982-04-02
902,Jacquette,Shovelton,jshoveltonp1@purevolume.com,1985-04-05
903,Jerrilee,Chaloner,jchalonerp2@prnewswire.com,1982-05-29
904,Guthrey,Held,gheldp3@fc2.com,1968-07-01
905,Cristy,Grigson,cgrigsonp4@auda.org.au,1967-11-23
906,Alfy,Rieflin,arieflinp5@shop-pro.jp,1971-09-21
907,Helaina,Rentoll,hrentollp6@google.de,1982-06-19
908,Jarrett,Churms,jchurmsp7@constantcontact.com,1983-05-09
909,Annabela,Slott,aslottp8@archive.org,1981-08-04
910,Merridie,Whebell,mwhebellp9@altervista.org,1986-11-20
911,Faina,Vinter,fvinterpa@aol.com,1977-09-08
912,Desi,Goodbody,dgoodbodypb@usa.gov,1993-06-25
913,Carie,De'Ath,cdeathpc@ted.com,1980-02-19
914,Cordey,Showl,cshowlpd@squarespace.com,1971-04-02
915,Clotilda,Narup,cnaruppe@msu.edu,1978-07-14
916,Ralph,Archibold,rarchiboldpf@printfriendly.com,1982-08-25
917,Gareth,Caseley,gcaseleypg@ihg.com,1984-01-10
918,Ignacio,Airlie,iairlieph@jigsy.com,1976-01-10
919,Wilhelmina,Dawnay,wdawnaypi@businessinsider.com,1986-06-05
920,Kaylyn,Lude,kludepj@merriam-webster.com,1979-07-24
921,Tobey,Tierny,ttiernypk@addtoany.com,1980-09-15
922,Lorens,Cuming,lcumingpl@geocities.jp,1983-08-05
923,Lissa,Ellsbury,lellsburypm@mashable.com,1975-06-13
924,Tomlin,Nutten,tnuttenpn@shutterfly.com,1983-09-13
925,Salaidh,Espinoza,sespinozapo@comcast.net,1978-02-20
926,Lorant,Vondracek,lvondracekpp@technorati.com,1980-09-06
927,Valerye,Moggach,vmoggachpq@ucoz.com,1981-03-08
928,Eilis,Hallawell,ehallawellpr@digg.com,1987-11-09
929,Basil,Lamanby,blamanbyps@sun.com,1984-02-20
930,Bentlee,Dixon,bdixonpt@dedecms.com,1980-10-30
931,Maxine,Knibley,mknibleypu@nyu.edu,1974-03-12
932,Flem,Kingsnorth,fkingsnorthpv@cbslocal.com,1983-04-17
933,Brandy,Dachey,bdacheypw@bbb.org,1977-06-05
934,Ashien,Cabble,acabblepx@shareasale.com,1986-08-24
935,Rosabelle,Mooreed,rmooreedpy@google.nl,1979-05-14
936,Donni,Briereton,dbrieretonpz@nyu.edu,1977-02-21
937,Calypso,Massinger,cmassingerq0@blogspot.com,1989-02-27
938,Orly,Gowrie,ogowrieq1@example.com,1986-07-20
939,Bliss,Hyndes,bhyndesq2@hostgator.com,1978-10-16
940,Angie,Mecozzi,amecozziq3@utexas.edu,1990-01-02
941,Tamiko,Ruggs,truggsq4@ovh.net,1983-11-05
942,Rochella,Zorzoni,rzorzoniq5@wikispaces.com,1969-03-30
943,Forrest,Gobbet,fgobbetq6@e-recht24.de,1981-06-07
944,Cherie,Bubbins,cbubbinsq7@intel.com,1983-11-21
945,Leonhard,Segge,lseggeq8@hud.gov,1987-09-10
946,Modestine,Absolem,mabsolemq9@geocities.jp,1984-06-25
947,Gianina,Wace,gwaceqa@zimbio.com,1976-02-15
948,Malia,Carbert,mcarbertqb@independent.co.uk,1974-12-17
949,Hunter,McCarver,hmccarverqc@dion.ne.jp,1966-12-25
950,Lem,Di Filippo,ldifilippoqd@example.com,1983-04-21
951,Vivie,Gillino,vgillinoqe@i2i.jp,1979-05-31
952,Herve,Luesley,hluesleyqf@wordpress.com,1985-09-14
953,Beatrice,Flukes,bflukesqg@edublogs.org,1976-01-14
954,Justino,Spooner,jspoonerqh@dedecms.com,1977-07-27
955,Siusan,Zienkiewicz,szienkiewiczqi@storify.com,1981-06-22
956,Tommy,Llorens,tllorensqj@sina.com.cn,1992-07-07
957,Tiff,Kitson,tkitsonqk@tuttocitta.it,1976-08-15
958,Edin,Maddie,emaddieql@drupal.org,1981-08-05
959,Lani,Buckberry,lbuckberryqm@spiegel.de,1979-03-10
960,Rudd,Schindler,rschindlerqn@myspace.com,1988-07-06
961,Cristie,Golly,cgollyqo@blinklist.com,1981-01-28
962,Clarisse,Wolseley,cwolseleyqp@ox.ac.uk,1976-10-10
963,Piotr,Probyn,pprobynqq@theglobeandmail.com,1983-01-08
964,Glyn,Wilds,gwildsqr@posterous.com,1982-08-21
965,Devonne,Drees,ddreesqs@google.de,1978-03-28
966,Eliot,Hayler,ehaylerqt@sourceforge.net,1978-09-29
967,Waverley,Bentham3,wbenthamqu@goodreads.com,1972-10-07
968,Natty,Mulhill,nmulhillqv@apache.org,1977-10-26
969,Kienan,Juleff,kjuleffqw@shutterfly.com,1981-12-01
970,Stefano,Lakey,slakeyqx@sohu.com,1978-06-14
971,Vinnie,Clive,vcliveqy@webs.com,1979-05-25
972,Fabe,Kinsett,fkinsettqz@newyorker.com,1982-08-23
973,Scarface,Padbery,spadberyr0@posterous.com,1986-04-22
974,Reiko,Gofford,rgoffordr1@skyrock.com,1981-02-13
975,Ingeborg,Shills,ishillsr2@unc.edu,1998-07-05
976,Mair,Minchinden,mminchindenr3@jimdo.com,1982-10-13
977,Wilmette,Ellerman,wellermanr4@washington.edu,1981-08-25
978,Pattie,Mecco,pmeccor5@pcworld.com,1986-07-05
979,Dulcy,Yeabsley,dyeabsleyr6@wikispaces.com,1990-06-08
980,Milty,Inkles,minklesr7@engadget.com,1981-08-04
981,Forbes,Harkins,fharkinsr8@opensource.org,1993-11-13
982,Belva,Gregorace,bgregoracer9@unicef.org,1980-03-08
983,Quillan,Rentcome,qrentcomera@canalblog.com,1978-10-24
984,Mikol,Dobrovolny,mdobrovolnyrb@reuters.com,1989-11-15
985,Kerr,Chanson,kchansonrc@yolasite.com,1979-11-03
986,Clovis,De Ferrari,cdeferrarird@hatena.ne.jp,1974-10-24
987,Charita,Conquer,cconquerre@si.edu,1979-10-17
988,Astra,Eagling,aeaglingrf@time.com,1978-12-01
989,Giacobo,Buie,gbuierg@istockphoto.com,1981-02-18
990,Dorita,Castells,dcastellsrh@homestead.com,1976-06-14
991,Bernard,Orwin,borwinri@flavors.me,1981-09-21
992,Domingo,Hlavecek,dhlavecekrj@behance.net,1984-10-27
993,Lucila,de la Valette Parisot,ldelavaletteparisotrk@etsy.com,1980-01-01
994,Aubrey,Dominiak,adominiakrl@delicious.com,1989-12-06
995,Alejandrina,Lilley,alilleyrm@google.fr,1977-06-20
996,Corney,Meader,cmeaderrn@dropbox.com,1974-01-19
997,Marie-jeanne,Hedworth,mhedworthro@networksolutions.com,1970-11-25
998,Sig,McIlrath,smcilrathrp@amazon.co.jp,1990-09-22
999,Dinnie,Dreinan,ddreinanrq@comcast.net,1981-09-27
1000,Drusi,Gudd,dguddrr@last.fm,1982-12-25
